name,stage,stage_label,description,url,repo,access,tags,url_status
Open Targets Platform,target-id,Target identification & validation,"Target-disease association evidence aggregated from genetics, omics, literature and known drugs; the standard first stop for target triage.",https://platform.opentargets.org,,free-web,target-validation; genetics,200
DepMap,target-id,Target identification & validation,"Genome-wide CRISPR and RNAi essentiality across ~1,100 cancer cell lines, plus expression, mutation and drug-sensitivity data.",https://depmap.org/portal/,,free-web,essentiality; cancer,200
Pharos / TCRD,target-id,Target identification & validation,NIH IDG portal ranking the druggable genome by how well each target is studied (Tclin/Tchem/Tbio/Tdark).,https://pharos.nih.gov,,free-web,druggability,200
UniProt,target-id,Target identification & validation,Reference protein sequence and functional annotation; the identifier backbone every other resource maps to.,https://www.uniprot.org,,free-web,sequence; annotation,200
Ensembl,target-id,Target identification & validation,"Genome annotation, variation, comparative genomics and the BioMart/REST query layer over them.",https://www.ensembl.org,,free-web,genomics,200
Human Protein Atlas,target-id,Target identification & validation,"Tissue, single-cell, subcellular and pathology protein expression maps; used to check target expression and off-tissue risk.",https://www.proteinatlas.org,,free-web,expression; tissue,200
GTEx Portal,target-id,Target identification & validation,Bulk and single-nucleus expression and eQTL data across 50+ human tissues.,https://gtexportal.org,,free-web,expression; eqtl,200
cBioPortal,target-id,Target identification & validation,"Interactive exploration of large-scale cancer genomics studies (mutation, CNA, expression, survival).",https://www.cbioportal.org,cbioportal/cbioportal,open-source,cancer; genomics,200
STRING,target-id,Target identification & validation,"Protein-protein association networks combining experiments, co-expression, text mining and orthology transfer.",https://string-db.org,,free-web,ppi; network,200
BioGRID,target-id,Target identification & validation,"Curated protein, genetic and chemical interactions from primary literature.",https://thebiogrid.org,,free-web,ppi,error: URLError
OmniPath,target-id,Target identification & validation,"Unified signalling network: pathways, enzyme-substrate, complexes and annotations from 100+ resources, with a Python client.",https://omnipathdb.org,saezlab/pypath,open-source,network; signalling,200
Reactome,target-id,Target identification & validation,Peer-reviewed pathway database with pathway enrichment and network analysis tools.,https://reactome.org,,free-web,pathway,200
KEGG,target-id,Target identification & validation,"Pathway, disease and drug maps; free for academic web use, licensed for bulk download.",https://www.genome.jp/kegg/,,academic,pathway,200
GSEA / MSigDB,target-id,Target identification & validation,Gene set enrichment analysis and the curated hallmark/canonical gene set collections behind it.,https://www.gsea-msigdb.org/gsea/index.jsp,,free-web,enrichment; gene-sets,200
Enrichr,target-id,Target identification & validation,"Fast web enrichment against 200+ gene set libraries, with an API.",https://maayanlab.cloud/Enrichr/,,free-web,enrichment,200
g:Profiler,target-id,Target identification & validation,"Functional enrichment, ortholog mapping and ID conversion with a stable versioned API.",https://biit.cs.ut.ee/gprofiler/gost,,free-web,enrichment,200
DisGeNET,target-id,Target identification & validation,Gene-disease and variant-disease association collection used for target-indication rationale.,https://disgenet.com,,free-web,disease-association,200
GeneCards,target-id,Target identification & validation,Aggregated gene-centric annotation across ~150 sources; free for academic browsing.,https://www.genecards.org,,academic,annotation,200
RCSB PDB,structure,Protein structure & modelling,"The experimental structure archive plus search, validation and ligand chemistry services.",https://www.rcsb.org,,free-web,structures; database,200
AlphaFold Protein Structure DB,structure,Protein structure & modelling,Predicted structures for 200M+ proteins with per-residue pLDDT confidence.,https://alphafold.ebi.ac.uk,,free-web,structure-prediction; database,200
AlphaFold 3,structure,Protein structure & modelling,"Joint structure prediction for proteins, nucleic acids, ligands and ions; weights are available for non-commercial use on request.",https://github.com/google-deepmind/alphafold3,google-deepmind/alphafold3,academic,structure-prediction; complexes,200
Chai-1,structure,Protein structure & modelling,"Open multimodal biomolecular complex prediction model, free for commercial use.",https://github.com/chaidiscovery/chai-lab,chaidiscovery/chai-lab,open-source,structure-prediction; complexes,200
MODELLER,structure,Protein structure & modelling,Comparative/homology modelling by satisfaction of spatial restraints; free academic licence.,https://salilab.org/modeller/,,academic,homology-modelling,200
SWISS-MODEL,structure,Protein structure & modelling,Automated homology modelling server with quality estimation (QMEANDisCo) and oligomeric state prediction.,https://swissmodel.expasy.org,,free-web,homology-modelling,200
MMseqs2,structure,Protein structure & modelling,Ultra-fast sequence search and clustering; the MSA engine behind ColabFold.,https://github.com/soedinglab/MMseqs2,soedinglab/mmseqs2,open-source,msa; search,200
HH-suite3,structure,Protein structure & modelling,HMM-HMM remote homology detection for hard templates and deep MSAs.,https://github.com/soedinglab/hh-suite,soedinglab/hh-suite,open-source,msa; remote-homology,200
PDBFixer,structure,Protein structure & modelling,"Repairs PDB files for simulation: missing residues and heavy atoms, non-standard residues, protonation, solvation.",https://github.com/openmm/pdbfixer,openmm/pdbfixer,open-source,preparation,200
PDB2PQR / APBS,structure,Protein structure & modelling,"Assigns titration states and charges/radii, then solves Poisson-Boltzmann electrostatics.",https://github.com/Electrostatics/apbs,electrostatics/apbs,open-source,preparation; electrostatics,200
PROPKA,structure,Protein structure & modelling,"Empirical pKa prediction for protein residues and ligands, used to set protonation before docking or MD.",https://github.com/jensengroup/propka,jensengroup/propka,open-source,preparation; pka,200
Biopython,structure,Protein structure & modelling,"General bioinformatics library: sequence and structure parsing, alignment, PDB handling.",https://biopython.org,biopython/biopython,open-source,library,200
DSSP,structure,Protein structure & modelling,Reference secondary-structure and solvent-accessibility assignment from 3D coordinates.,https://github.com/PDB-REDO/dssp,pdb-redo/dssp,open-source,secondary-structure,200
CheckMyMetal,structure,Protein structure & modelling,"Validates metal sites in deposited or refined structures against expected coordination number, geometry and donor distances. Mis-assigned metals are common; check before you build a docking model on one.",https://cmm.minorlab.org,,free-web,metals; validation; crystallography,200
AlphaFill,structure,Protein structure & modelling,"Transplants ligands, cofactors and metal ions into AlphaFold models by sequence and structure similarity. AlphaFold predicts the fold, not the metal, so a metalloprotein model without this step has an empty site.",https://alphafill.eu,,free-web,metals; cofactors; model-repair,200
ColabFold,structure,Protein structure & modelling,"AlphaFold2 and friends with MMseqs2 doing the MSA, which turns an overnight job into minutes; the usual way people actually run structure prediction.",https://github.com/sokrypton/ColabFold,sokrypton/colabfold,open-source,structure-prediction; msa,200
fpocket,binding-site,Binding site detection,"Voronoi-based pocket detection and druggability scoring, with mdpocket for pocket dynamics over MD trajectories.",https://github.com/Discngine/fpocket,discngine/fpocket,open-source,pocket-detection; druggability,200
P2Rank,binding-site,Binding site detection,"Machine-learning ligand-binding site prediction from structure; fast, template-free, used inside several docking pipelines.",https://github.com/rdk/p2rank,rdk/p2rank,open-source,pocket-detection,200
PrankWeb,binding-site,Binding site detection,Web front end for P2Rank with conservation scoring and in-browser visualisation.,https://prankweb.cz,,free-web,pocket-detection,200
CASTp,binding-site,Binding site detection,Computed atlas of surface topography: analytic pocket and cavity measurement.,http://sts.bioe.uic.edu/castp/,,free-web,pocket-detection,200
ProteinsPlus / DoGSiteScorer,binding-site,Binding site detection,"Pocket detection with druggability scores, plus protonation (Protoss) and pose analysis tools.",https://proteins.plus,,free-web,pocket-detection; druggability,200
MetalPDB,binding-site,Binding site detection,"Every metal site in the PDB, abstracted into minimal functional sites so you can compare coordination geometry and donor sets across unrelated folds.",https://metalpdb.cerm.unifi.it,,free-web,metals; metal-site; database,200
MESPEUS,binding-site,Binding site detection,"Metal coordination geometry measured across the PDB: bond lengths, angles and donor-set frequencies per metal. The reference for judging whether a site's geometry is physically reasonable.",https://mespeus.nchu.edu.tw,,free-web,metals; metal-site; geometry,200
MIB2,binding-site,Binding site detection,"Predicts metal ion-binding residues and models the ion into the structure, by fragment transfer from known sites; covers a dozen biologically common ions.",http://bioinfo.cmu.edu.tw/MIB2/,,free-web,metals; metal-site; prediction,200
Metal3D,binding-site,Binding site detection,3D CNN predicting zinc site location and probability density directly from protein geometry; useful when the apo structure has no ion modelled.,https://github.com/lcbc-epfl/metal-site-prediction,lcbc-epfl/metal-site-prediction,open-source,metals; zinc; prediction,200
BioMetAll,binding-site,Binding site detection,"Geometry-based search for candidate metal-binding sites using only backbone and side-chain positions, so it finds sites in apo and predicted structures. This is the published v1; v2 adds scoring and metal discrimination.",https://github.com/insilichem/biometall,insilichem/biometall,open-source,metals; metal-site; prediction,200
BioMetAll v2,binding-site,Binding site detection,"The current BioMetAll: adds a score per candidate site, discriminates between metals rather than reporting any site, and uses side-chain descriptors instead of backbone geometry alone.",https://github.com/insilichem/biometallv2,insilichem/biometallv2,open-source,metals; metal-site; prediction,200
BioBrigit,binding-site,Binding site detection,"Predicts how a metal ion travels through a protein to reach its site, not just where the site is. Combines a 3D CNN over the biochemical environment with known bioinorganic coordination preferences.",https://github.com/insilichem/BioBrigit,insilichem/biobrigit,open-source,metals; metal-site; diffusion-pathway,200
LMetalSite,binding-site,Binding site detection,"Alignment-free metal-binding residue prediction from sequence alone, via a protein language model; the fallback when there is no structure at all.",https://github.com/biomed-AI/LMetalSite,biomed-ai/lmetalsite,open-source,metals; metal-site; sequence,200
ZincBind,binding-site,Binding site detection,"Curated database of zinc binding sites extracted from the PDB, grouped by coordinating residue family and site type.",https://zincbind.net,,free-web,metals; zinc; database,200
InterMetalDB,binding-site,Binding site detection,"Intermolecular metal sites, where the ion bridges two chains or a chain and a ligand; the place to look before assuming a metal-mediated contact is an artefact.",https://intermetaldb.biotech.uwr.edu.pl,,free-web,metals; metal-site; database,200
RDKit,cheminformatics,Cheminformatics toolkits,"The open cheminformatics toolkit everything else is built on: descriptors, fingerprints, conformers, substructure search, reaction handling.",https://www.rdkit.org,rdkit/rdkit,open-source,toolkit; descriptors; fingerprints,200
AutoDock Vina,docking,Docking & virtual screening,"The most widely used open docking engine; fast, well-validated, and the baseline every other method is measured against.",https://vina.scripps.edu,ccsb-scripps/autodock-vina,open-source,docking; baseline,200
OpenMM,md,Molecular dynamics & free energy,GPU-accelerated MD as a Python library rather than a monolithic binary — the easiest engine to script custom simulation protocols around.,https://openmm.org,openmm/openmm,open-source,md-engine; python; gpu,200
Foldseek,structure,Protein structure & modelling,Structure search at sequence-search speed; finds structural homologues across the whole PDB and AlphaFold DB in seconds.,https://github.com/steineggerlab/foldseek,steineggerlab/foldseek,open-source,structure-search; homology,200
ProteinMPNN,biologics,Antibodies & protein engineering,"Inverse folding: given a backbone, designs sequences that fold to it. The workhorse of modern de novo protein design.",https://github.com/dauparas/ProteinMPNN,dauparas/proteinmpnn,open-source,inverse-folding; sequence-design,200
RFdiffusion,biologics,Antibodies & protein engineering,"Diffusion-based generation of protein backbones, including binders to a specified target site.",https://github.com/RosettaCommons/RFdiffusion,rosettacommons/rfdiffusion,open-source,protein-design; binder-design,200
AiZynthFinder,synthesis,Retrosynthesis & synthetic accessibility,"Monte-Carlo tree search retrosynthesis over learned templates, with building-block availability built into the search.",https://github.com/MolecularAI/aizynthfinder,molecularai/aizynthfinder,open-source,retrosynthesis; route-planning,200
ADMET-AI,admet,"ADMET, PK & toxicity","Fast Chemprop-RDKit ADMET predictions across the TDC endpoint set, with percentile context against approved drugs.",https://github.com/swansonk14/admet_ai,swansonk14/admet_ai,open-source,admet; batch,200
PoseBusters,benchmarks,Benchmarks & reference datasets,"Checks whether a predicted pose is physically possible at all — geometry, stereochemistry, clashes with the protein. The standard sanity gate for generated poses.",https://github.com/maabuu/posebusters,maabuu/posebusters,open-source,pose-validation; benchmark,200
ProLIF,docking,Docking & virtual screening,"Protein-ligand interaction fingerprints from structures or trajectories, so poses can be compared on interactions rather than score.",https://github.com/chemosim-lab/ProLIF,chemosim-lab/prolif,open-source,interactions; fingerprints,200
ABodyBuilder3,biologics,Antibodies & protein engineering,"Fast, accurate antibody Fv structure prediction with per-residue confidence on the CDR loops.",https://github.com/Exscientia/abodybuilder3,exscientia/abodybuilder3,open-source,antibody; structure-prediction,200
REINVENT4,generative,Generative design,"AstraZeneca's production generative design framework: reinforcement learning over a multi-parameter scoring function, with scaffold and linker modes.",https://github.com/MolecularAI/REINVENT4,molecularai/reinvent4,open-source,generative; reinforcement-learning,200
DiffSBDD,generative,Generative design,Equivariant diffusion generating ligands directly inside a protein pocket.,https://github.com/arneschneuing/DiffSBDD,arneschneuing/diffsbdd,open-source,sbdd; diffusion,200
TargetDiff,generative,Generative design,3D diffusion model for structure-based ligand generation; a common baseline for pocket-conditioned design.,https://github.com/guanjq/targetdiff,guanjq/targetdiff,open-source,sbdd; diffusion; baseline,200
NeuralPLexer,docking,Docking & virtual screening,"Predicts protein-ligand complex structures directly, generating the receptor conformation alongside the pose instead of docking into a fixed one.",https://github.com/zrqiao/NeuralPLexer,zrqiao/neuralplexer,open-source,co-folding; pose-prediction; induced-fit,200
KarmaDock,docking,Docking & virtual screening,"Deep-learning docking that scores and optimises poses in one pass, fast enough to make a neural method viable for library-scale screening.",https://github.com/schrojunzhang/KarmaDock,schrojunzhang/karmadock,open-source,docking; deep-learning; speed,200
SurfDock,docking,Docking & virtual screening,Surface-informed diffusion docking: conditions pose generation on the molecular surface of the pocket rather than atoms alone.,https://github.com/CAODH/SurfDock,caodh/surfdock,open-source,docking; diffusion; surface,200
AIMNet2,qm,Quantum chemistry,"Neural network potential covering neutral, charged and open-shell organic molecules across most of the periodic table — QM-quality energies at force-field cost.",https://github.com/isayevlab/AIMNet2,isayevlab/aimnet2,open-source,mlip; semiempirical-replacement,200
Auto3D,cheminformatics,Cheminformatics toolkits,Turns SMILES into low-energy 3D structures with correct stereochemistry and tautomer handling — the unglamorous step that silently ruins docking when skipped.,https://github.com/isayevlab/Auto3D_pkg,isayevlab/auto3d_pkg,open-source,conformers; 3d-generation; stereochemistry,200
mmpdb,cheminformatics,Cheminformatics toolkits,Matched molecular pair database from RDKit: extracts which single transformations have been made across a dataset and what they did to a property. The most directly medicinal-chemistry tool in the open stack.,https://github.com/rdkit/mmpdb,rdkit/mmpdb,open-source,matched-pairs; sar; med-chem,200
Lilly Medchem Rules,cheminformatics,Cheminformatics toolkits,"Eli Lilly's published rule set for rejecting compounds a medicinal chemist would not take forward — reactive groups, known frequent hitters, unstable motifs. A harder filter than PAINS alone.",https://github.com/IanAWatson/Lilly-Medchem-Rules,ianawatson/lilly-medchem-rules,open-source,filters; triage; med-chem,200
Fragmenstein,generative,Generative design,Merges and places fragment hits into a single compound that respects the crystallographic positions they came from — built for fragment-based campaigns and XChem-style data.,https://github.com/matteoferla/Fragmenstein,matteoferla/fragmenstein,open-source,fragment-merging; fbdd; placement,200
ScaffoldGraph,cheminformatics,Cheminformatics toolkits,"Builds scaffold trees and networks over a library, so you can see which chemotypes a screening set actually covers and where a series sits.",https://github.com/UCLCheminformatics/ScaffoldGraph,uclcheminformatics/scaffoldgraph,open-source,scaffolds; library-analysis,200
MolFormer,qsar-ml,QSAR / property-prediction ML,IBM's transformer pretrained on a billion molecules; a strong general-purpose embedding when you have too little labelled data to train from scratch.,https://github.com/IBM/molformer,ibm/molformer,open-source,pretrained; embeddings,200
ChemBERTa,qsar-ml,QSAR / property-prediction ML,BERT-style pretraining over SMILES — the accessible baseline for whether a pretrained representation beats fingerprints on your endpoint.,https://github.com/seyonechithrananda/bert-loves-chemistry,seyonechithrananda/bert-loves-chemistry,open-source,pretrained; smiles; baseline,200
Chemformer,synthesis,Retrosynthesis & synthetic accessibility,"Sequence-to-sequence transformer for reaction prediction and retrosynthesis, pretrained on SMILES and fine-tuned per task.",https://github.com/MolecularAI/Chemformer,molecularai/chemformer,open-source,retrosynthesis; reaction-prediction,200
OpenADMET,admet,"ADMET, PK & toxicity","Open consortium generating new experimental ADMET data on the targets that break programmes, and releasing models trained on it — an answer to ADMET models trained on stale public sets.",https://openadmet.org,,open-source,admet; open-data,error: URLError
PROTAC-DB,libraries,Compound & bioactivity databases,"Curated database of PROTACs with ternary complex data, linker chemistry and measured degradation — the reference set for degrader design.",http://cadd.zju.edu.cn/protacdb/,,free-web,protac; degrader; database,200
SEA,target-id,Target identification & validation,"Similarity Ensemble Approach: relates targets by the chemistry of their ligands, so a compound's likely off-targets fall out of its structure. Long-standing polypharmacology check.",https://sea.bkslab.org,,free-web,off-target; polypharmacology,200
SwissBioisostere,cheminformatics,Cheminformatics toolkits,"Which substituent replacements have actually been made and what they did to activity, mined from measured data — bioisosteric replacement grounded in evidence rather than intuition.",http://www.swissbioisostere.ch,,free-web,bioisostere; med-chem; sar,200
RXNMapper,synthesis,Retrosynthesis & synthetic accessibility,Atom-maps reactions from an attention-based model with no templates — the preprocessing step that template extraction and most reaction ML quietly depend on.,https://github.com/rxn4chemistry/rxnmapper,rxn4chemistry/rxnmapper,open-source,atom-mapping; reaction-data,200
Molecular Transformer,synthesis,Retrosynthesis & synthetic accessibility,"Sequence-to-sequence forward reaction prediction: given reactants, predict the product. The model most later reaction work is benchmarked against.",https://github.com/pschwllr/MolecularTransformer,pschwllr/moleculartransformer,open-source,forward-prediction; baseline,200
Retro*,synthesis,Retrosynthesis & synthetic accessibility,"Neural A* search over retrosynthesis trees, optimising the whole route rather than greedily picking each disconnection.",https://github.com/binghong-ml/retro_star,binghong-ml/retro_star,open-source,retrosynthesis; search,200
R-SMILES,synthesis,Retrosynthesis & synthetic accessibility,Root-aligned SMILES: a representation change that sharply improves seq2seq retrosynthesis accuracy by minimising the edit distance between product and reactants.,https://github.com/otori-bird/retrosynthesis,otori-bird/retrosynthesis,open-source,retrosynthesis; representation,200
RetroSim,synthesis,Retrosynthesis & synthetic accessibility,"Similarity-based retrosynthesis: find precedent reactions for similar molecules and transfer the disconnection. The baseline every neural planner should beat, and often does not.",https://github.com/connorcoley/retrosim,connorcoley/retrosim,open-source,retrosynthesis; baseline; precedent,200
PaRoutes,synthesis,Retrosynthesis & synthetic accessibility,Benchmark of real multi-step routes with the metrics to score a planner against them — how you tell whether a retrosynthesis model is actually better.,https://github.com/MolecularAI/PaRoutes,molecularai/paroutes,open-source,benchmark; routes,200
AiZynthTrain,synthesis,Retrosynthesis & synthetic accessibility,"Reproducible pipelines for training AiZynthFinder's models on your own reaction data, so in-house chemistry and stock are reflected in the routes.",https://github.com/MolecularAI/aizynthtrain,molecularai/aizynthtrain,open-source,retrosynthesis; training; in-house,200
Open Reaction Database,synthesis,Retrosynthesis & synthetic accessibility,"Open, structured reaction data with a defined schema — the public counterweight to proprietary reaction corpora, and the place to put your own.",https://open-reaction-database.org,open-reaction-database/ord-schema,open-source,reaction-data; open-data,200
DRFP,synthesis,Retrosynthesis & synthetic accessibility,"Reaction fingerprints without atom mapping or a neural net; a fast, surprisingly strong featuriser for yield and condition models.",https://github.com/reymond-group/drfp,reymond-group/drfp,open-source,reaction-fingerprint; yield-prediction,200
SYBA,synthesis,Retrosynthesis & synthetic accessibility,"Bayesian classifier for synthetic accessibility trained on easy vs hard molecules — a different signal from SAscore, useful as a second opinion.",https://github.com/lich-uct/syba,lich-uct/syba,open-source,synthetic-accessibility,200
PostEra Manifold,synthesis,Retrosynthesis & synthetic accessibility,"Route search over purchasable space with prices and lead times, plus synthesis-aware analogue search. Free tier covers occasional use.",https://postera.ai,,free-web,retrosynthesis; purchasability; analogues,200
Spaya,synthesis,Retrosynthesis & synthetic accessibility,Iktos' retrosynthesis service scoring routes on feasibility and building-block availability.,https://spaya.ai,,commercial,retrosynthesis,200
Synthia,synthesis,Retrosynthesis & synthetic accessibility,"Merck's expert-rules retrosynthesis platform (formerly Chematica) — hand-encoded chemistry rather than learned templates, and strong on stereochemistry.",https://www.synthiaonline.com,,commercial,retrosynthesis; expert-rules,200
Reaxys,synthesis,Retrosynthesis & synthetic accessibility,Elsevier's reaction and substance database; the precedent search a chemist checks before trusting any predicted route.,https://www.reaxys.com,,commercial,reaction-database; precedent,200
eMolecules,libraries,Compound & bioactivity databases,"Building-block and screening-compound catalogue with supplier stock and pricing, searchable by substructure.",https://www.emolecules.com,,commercial,building-blocks; suppliers,200
Mcule,libraries,Compound & bioactivity databases,Purchasable compound database with per-compound availability and a free web tier for small searches.,https://mcule.com,,commercial,building-blocks; purchasable,"403 (bot-protected, live)"
Chemspace,libraries,Compound & bioactivity databases,Aggregated supplier space — in-stock screening compounds and make-on-demand building blocks in one search.,https://chem-space.com,,commercial,building-blocks; make-on-demand,200
canSAR,target-id,Target identification & validation,"Target assessment built for drug discovery rather than biology: structural druggability, existing chemistry, clinical precedent and safety signals for one protein on one page.",https://cansar.ai,,free-web,druggability; target-assessment,200
Probe Miner,target-id,Target identification & validation,"Scores public chemical probes on potency, selectivity and cell activity, so you can tell whether the compound in a paper actually supports its conclusion.",https://probeminer.icr.ac.uk,,free-web,chemical-probes; tool-compounds,"403 (bot-protected, live)"
FTMap,target-id,Target identification & validation,"Computational solvent mapping: docks small organic probes across the surface to find consensus hot spots — where a ligand could get real binding energy, before any chemistry starts.",https://ftmap.bu.edu,,free-web,hotspots; ligandability; fragment-mapping,200
Fragment Hotspot Maps,binding-site,Binding site detection,"CCDC's hotspot maps score a pocket by the interaction patterns seen in crystal structures, showing which subpockets are worth growing into.",https://github.com/prcurran/hotspots,prcurran/hotspots,academic,hotspots; fragment-growing,200
DrugCentral,target-id,Target identification & validation,"Approved drugs with their targets, measured activities, indications and pharmacology — the fastest way to see what already works on a target family.",https://drugcentral.org,,free-web,approved-drugs; precedent,200
Therapeutic Target Database,target-id,Target identification & validation,"Targets classified by clinical stage with the drugs against each, useful for judging how contested a target already is.",https://db.idrblab.net/ttd/,,free-web,targets; competitive,200
PDBe-KB,target-id,Target identification & validation,"Aggregates every structural annotation for a protein — ligand sites, interfaces, conformational states — across all its PDB entries at once.",https://www.ebi.ac.uk/pdbe/pdbe-kb/,,free-web,structural-annotation; ligand-sites,200
KLIFS,target-id,Target identification & validation,"Kinase-ligand structures on a common 85-residue binding-site numbering, so binding modes and DFG/αC states are comparable across the whole kinome.",https://klifs.net,,free-web,kinase; selectivity; binding-mode,200
GPCRdb,target-id,Target identification & validation,"Structures, mutations, ligands and conformational states across the GPCR superfamily, on a shared residue numbering.",https://gpcrdb.org,,free-web,gpcr; structures; family,200
gnomAD,target-id,Target identification & validation,Population variation with loss-of-function constraint: whether humans tolerate losing this gene is the cheapest safety signal you will get on a target.,https://gnomad.broadinstitute.org,,free-web,genetic-constraint; target-safety,200
GWAS Catalog,target-id,Target identification & validation,Curated genotype-phenotype associations — the genetic evidence line that most strongly predicts clinical success.,https://www.ebi.ac.uk/gwas/,,free-web,genetics; target-validation,200
STITCH,target-id,Target identification & validation,"Known and predicted chemical-protein interactions across species, useful for a first pass at what else a chemotype might touch.",http://stitch-db.org,,free-web,off-target; chemical-protein,error: URLError
Chemprop,qsar-ml,QSAR / property-prediction ML,"Directed message-passing neural networks for molecular property prediction — the open baseline that beats descriptor models on most endpoints with enough data, and the engine under ADMET-AI.",https://github.com/chemprop/chemprop,chemprop/chemprop,open-source,gnn; property-prediction; baseline,200
PanDDA,structure,Protein structure & modelling,"Finds fragment binding events that conventional refinement misses, by comparing many datasets to a ground state — the analysis that makes crystallographic fragment screening work at all.",https://github.com/ConorFWild/pandda,conorfwild/pandda,open-source,fragment-screening; crystallography; event-maps,200
Fragalysis,structure,Protein structure & modelling,"Diamond's browser for fragment screening campaigns: every hit, its density and its pose, in one place, with the merged designs that came from them.",https://fragalysis.diamond.ac.uk,xchem/fragalysis,free-web,fragment-screening; xchem; hit-browser,200
SeeSAR,generative,Generative design,"Interactive structure-based design: grow, replace and link with estimated affinity and torsion strain updating as you edit. The commercial tool medicinal chemists actually enjoy using.",https://www.biosolveit.de/products/,,commercial,interactive-design; fragment-growing; strain,200
HADDOCK3,docking,Docking & virtual screening,"Integrative docking driven by experimental restraints, and the practical open route to protein-protein and ternary complexes such as PROTAC-induced interfaces.",https://github.com/haddocking/haddock3,haddocking/haddock3,open-source,protein-protein; ternary-complex; restraints,200
Cytoscape,viz,Structure & molecule visualisation,"The platform network pharmacology is done on: build a compound-target-pathway network, lay it out, score the hubs, and see what the topology actually says.",https://cytoscape.org,cytoscape/cytoscape,open-source,network; pharmacology; visualisation,200
NetworkAnalyst,target-id,Target identification & validation,"Network and enrichment analysis in the browser, from a gene or protein list to a protein-protein interaction subnetwork with statistics attached.",https://www.networkanalyst.ca,,free-web,network; enrichment; ppi,200
Metascape,target-id,Target identification & validation,"Gene list annotation and enrichment across many ontologies at once, with a protein-protein interaction module. The fastest way from a hit list to a defensible pathway story.",https://metascape.org,,free-web,enrichment; annotation; network,200
GeneMANIA,target-id,Target identification & validation,"Predicts function by placing a gene in a composite network of co-expression, physical interaction and pathway membership, and names the evidence for each edge.",https://genemania.org,,free-web,network; function-prediction,200
clusterProfiler,target-id,Target identification & validation,"The R package most enrichment figures in the literature come from: over-representation and GSEA across GO, KEGG and custom sets, with the plots built in.",https://bioconductor.org/packages/clusterProfiler/,yulab-smu/clusterprofiler,open-source,enrichment; gsea; r,200
CTD,target-id,Target identification & validation,"Comparative Toxicogenomics Database: curated chemical-gene, chemical-disease and gene-disease relationships from the literature. The evidence layer under most chemical-centric network studies.",https://ctdbase.org,,free-web,chemical-gene; curated; toxicogenomics,200
BATMAN-TCM,target-id,Target identification & validation,"Predicts targets for the constituents of a herbal formula and runs the enrichment over them, built specifically for the multi-compound multi-target case.",http://bionet.ncpsb.org.cn/batman-tcm/,,free-web,network-pharmacology; tcm; target-prediction,200
NPASS,libraries,Compound & bioactivity databases,"Natural products with measured activities against defined targets, and the species they came from. The quantitative counterpart to structure-only natural product collections.",https://bidd.group/NPASS/,,free-web,natural-products; bioactivity; species,200
CMAUP,libraries,Compound & bioactivity databases,"Collective molecular activities of useful plants: plant species mapped to their constituents, those constituents to targets, and targets to pathways and diseases.",https://bidd.group/CMAUP/,,free-web,plants; network-pharmacology; targets,200
IMPPAT,libraries,Compound & bioactivity databases,"Indian medicinal plants, their phytochemicals and therapeutic uses, with curated structures and drug-likeness already computed.",https://cb.imsc.res.in/imppat/,,free-web,plants; phytochemicals; ethnopharmacology,200
FooDB,libraries,Compound & bioactivity databases,"The chemistry of food: constituents of plant and animal foods with structures, concentrations and provenance. Useful when the starting point is a dietary source rather than a screening deck.",https://foodb.ca,,free-web,food-chemistry; phytochemicals,error: URLError
Phenol-Explorer,libraries,Compound & bioactivity databases,"Measured polyphenol contents of foods, including what processing and cooking do to them. Specific where general natural product databases are silent.",http://phenol-explorer.eu,,free-web,polyphenols; plants; measured-content,200
Open Babel,cheminformatics,Cheminformatics toolkits,"Chemical file format interconversion, 3D coordinate generation and conformer search across 110+ formats.",https://openbabel.org,openbabel/openbabel,open-source,file-formats; conversion,error: URLError
Datamol,cheminformatics,Cheminformatics toolkits,"Ergonomic RDKit wrapper for standardisation, featurisation and parallel molecular processing.",https://datamol.io,datamol-io/datamol,open-source,rdkit; preprocessing,200
ChEMBL Structure Pipeline,cheminformatics,Cheminformatics toolkits,"The exact standardisation, parent-extraction and salt-stripping rules ChEMBL applies; the reference for reproducible curation.",https://github.com/chembl/ChEMBL_Structure_Pipeline,chembl/chembl_structure_pipeline,open-source,standardisation; curation,200
Mordred,cheminformatics,Cheminformatics toolkits,"1,800+ 2D/3D molecular descriptors on top of RDKit; the classical descriptor baseline for QSAR.",https://github.com/JacksonBurns/mordred-community,jacksonburns/mordred-community,open-source,descriptors,200
CDK,cheminformatics,Cheminformatics toolkits,"Chemistry Development Kit: the mature Java cheminformatics library (descriptors, fingerprints, IO).",https://cdk.github.io,cdk/cdk,open-source,java; library,200
Indigo,cheminformatics,Cheminformatics toolkits,"EPAM's cheminformatics toolkit for structure handling, reaction processing and rendering, with bindings for several languages.",https://github.com/epam/Indigo,epam/indigo,open-source,library; rendering,200
Ketcher,cheminformatics,Cheminformatics toolkits,Web structure editor for sketching molecules and reactions in browser-based apps.,https://github.com/epam/ketcher,epam/ketcher,open-source,editor; web,200
OPSIN,cheminformatics,Cheminformatics toolkits,Converts IUPAC chemical names to structures; the standard name-to-structure parser.,https://github.com/dan2097/opsin,dan2097/opsin,open-source,name-to-structure,200
DataWarrior,cheminformatics,Cheminformatics toolkits,"Free desktop app for chemical data visualisation, SAR analysis, clustering and property prediction.",https://openmolecules.org/datawarrior/,,free-web,visualisation; sar,200
CReM,cheminformatics,Cheminformatics toolkits,Chemically reasonable mutations: fragment-based structure generation with medicinal-chemistry-valid replacements.,https://github.com/DrrDom/crem,drrdom/crem,open-source,enumeration; fragments,200
molSimplify,cheminformatics,Cheminformatics toolkits,"Builds, optimises and screens transition-metal complexes from a metal, oxidation state and ligand set; generates sane 3D geometries where general-purpose toolkits guess badly.",https://github.com/hjkgrp/molSimplify,hjkgrp/molsimplify,open-source,metals; organometallic; structure-generation,200
Architector,cheminformatics,Cheminformatics toolkits,"Generates 3D conformers for metal complexes across the periodic table, including multiple spin states and coordination geometries, as a Python API.",https://github.com/lanl/Architector,lanl/architector,open-source,metals; organometallic; conformers,200
Cambridge Structural Database (CCDC),cheminformatics,Cheminformatics toolkits,"The small-molecule crystal structure archive, over half of it metal-organic. The empirical reference for coordination geometry, bond lengths and ligand conformation.",https://www.ccdc.cam.ac.uk/solutions/software/csd/,,commercial,metals; crystal-structures; reference,200
ChEMBL,libraries,Compound & bioactivity databases,"Manually curated bioactivity database (~2.4M compounds, 20M+ activities) mapped to targets and assays.",https://www.ebi.ac.uk/chembl/,,free-web,bioactivity; database,200
PubChem,libraries,Compound & bioactivity databases,"The largest open chemical database: compounds, substances, bioassays, patents and literature links.",https://pubchem.ncbi.nlm.nih.gov,,free-web,database,200
ZINC22,libraries,Compound & bioactivity databases,"Purchasable and make-on-demand compounds prepared for docking in 3D, at tens of billions of molecules.",https://cartblanche22.docking.org,,free-web,screening-library; docking,200
Enamine REAL Space,libraries,Compound & bioactivity databases,Make-on-demand combinatorial space of 6B+ synthesisable compounds with ~80% synthesis success.,https://enamine.net/compound-collections/real-compounds/real-space-navigator,,commercial,screening-library; make-on-demand,200
DrugBank,libraries,Compound & bioactivity databases,"Approved and investigational drugs with targets, pharmacology, interactions and ADMET; free academic tier.",https://go.drugbank.com,,academic,drugs; database,200
BindingDB,libraries,Compound & bioactivity databases,"Measured binding affinities (Kd/Ki/IC50) for protein-small molecule pairs, curated from literature and patents.",https://www.bindingdb.org/rwd/bind/index.jsp,,free-web,affinity; database,200
PDBbind+,libraries,Compound & bioactivity databases,Experimental binding affinities paired with their PDB complex structures; the basis of the CASF scoring benchmarks (the old pdbbind.org.cn is retired).,https://www.pdbbind-plus.org.cn,,academic,affinity; structures,200
Papyrus,libraries,Compound & bioactivity databases,"A normalised, standardised bioactivity dataset (60M+ points) assembled for ML-ready QSAR modelling — the cleaned-up ChEMBL you were going to build yourself.",https://github.com/OlivierBeq/Papyrus-scripts,olivierbeq/papyrus-scripts,open-source,bioactivity; ml-ready,200
SureChEMBL,libraries,Compound & bioactivity databases,"Chemical structures extracted from patents, updated daily; the standard patent-chemistry search.",https://www.surechembl.org,,free-web,patents,200
COCONUT,libraries,Compound & bioactivity databases,Aggregated open natural products collection with structures and source organisms.,https://coconut.naturalproducts.net,,free-web,natural-products,200
GtoPdb (Guide to Pharmacology),libraries,Compound & bioactivity databases,"Expert-curated ligand-target pharmacology: selectivity, affinities and recommended tool compounds.",https://www.guidetopharmacology.org,,free-web,pharmacology; tool-compounds,200
Chemical Probes Portal,libraries,Compound & bioactivity databases,"Expert review of which chemical probes are actually fit for target validation, and at what concentration.",https://www.chemicalprobes.org,,free-web,tool-compounds; target-validation,200
smina,docking,Docking & virtual screening,Vina fork with flexible scoring-function specification and much easier custom-term development.,https://github.com/mwojcikowski/smina,mwojcikowski/smina,open-source,docking,200
Vina-GPU 2.1,docking,Docking & virtual screening,"GPU-parallel Vina, and the QuickVina2-GPU variant alongside it, giving one to two orders of magnitude speedup on large screens.",https://github.com/DeltaGroupNJUPT/Vina-GPU-2.1,deltagroupnjupt/vina-gpu-2.1,open-source,docking; gpu,200
Uni-Dock,docking,Docking & virtual screening,GPU-accelerated docking engine reaching thousands of molecules per second per GPU.,https://github.com/dptech-corp/Uni-Dock,dptech-corp/uni-dock,open-source,docking; gpu,200
DOCK 6,docking,Docking & virtual screening,UCSF's long-standing anchor-and-grow docking program with a wide scoring-function suite.,https://dock.compbio.ucsf.edu,,academic,docking,200
rDock,docking,Docking & virtual screening,"Fast open-source docking for proteins and nucleic acids, with pharmacophore and tethered-scaffold restraints.",https://rdock.github.io,cbdd/rdock,open-source,docking; rna,200
Meeko,docking,Docking & virtual screening,"Prepares ligands and receptors for AutoDock: PDBQT writing, macrocycle handling, covalent setups.",https://github.com/forlilab/Meeko,forlilab/meeko,open-source,preparation; docking,200
Ringtail,docking,Docking & virtual screening,Stores and filters millions of docking results in SQLite so large screens stay queryable.,https://github.com/forlilab/Ringtail,forlilab/ringtail,open-source,virtual-screening; data-management,200
VirtualFlow,docking,Docking & virtual screening,Open workflow for distributing ultra-large virtual screens (billions of ligands) across HPC and cloud.,https://virtual-flow.org,virtualflow/vfvs,open-source,virtual-screening; hpc,200
EasyDock,docking,Docking & virtual screening,Python wrapper unifying Vina/smina/gnina runs with SQLite bookkeeping and protonation handling.,https://github.com/ci-lab-cz/easydock,ci-lab-cz/easydock,open-source,docking; workflow,200
DockStream,docking,Docking & virtual screening,AstraZeneca's docking wrapper exposing several backends to generative loops such as REINVENT.,https://github.com/MolecularAI/DockStream,molecularai/dockstream,open-source,docking; generative-loop,200
ODDT,docking,Docking & virtual screening,"Open Drug Discovery Toolkit: rescoring functions (RFScore, NNScore), interaction fingerprints and VS metrics.",https://github.com/oddt/oddt,oddt/oddt,open-source,rescoring; virtual-screening,200
PLIP,docking,Docking & virtual screening,Detects and reports non-covalent protein-ligand interactions from a complex; standard for pose interpretation.,https://github.com/pharmai/plip,pharmai/plip,open-source,interactions; analysis,200
LigPlot+,docking,Docking & virtual screening,2D schematic diagrams of protein-ligand interactions for figures and pose triage.,https://www.ebi.ac.uk/thornton-srv/software/LigPlus/,,academic,interactions; visualisation,200
Glide (Schrödinger),docking,Docking & virtual screening,Industry-standard commercial docking (HTVS/SP/XP) with the Maestro preparation stack.,https://www.schrodinger.com/platform/products/glide/,,commercial,docking,200
GOLD (CCDC),docking,Docking & virtual screening,Genetic-algorithm docking with CSD-derived knowledge and well-validated scoring functions.,https://www.ccdc.cam.ac.uk/solutions/software/gold/,,commercial,docking,200
MOE (CCG),docking,Docking & virtual screening,"Integrated commercial modelling environment: docking, pharmacophores, biologics and QSAR in one platform.",https://www.chemcomp.com/en/Products.htm,,commercial,platform,200
SwissDock,docking,Docking & virtual screening,Free docking web service (AutoDock Vina and Attracting Cavities backends) for occasional runs.,https://www.swissdock.ch,,free-web,docking; web,200
Pharmit,docking,Docking & virtual screening,"Interactive pharmacophore and shape search over billions of purchasable compounds, with in-browser minimisation.",https://pharmit.csb.pitt.edu,dkoes/pharmit,open-source,pharmacophore; virtual-screening,200
MetalDock,docking,Docking & virtual screening,"Docks organometallic and metal-complex ligands into proteins, DNA and other biomolecules, optimising the complex with QM and generating the metal parameters the docking needs.",https://github.com/MatthijsHak/MetalDock,matthijshak/metaldock,open-source,metals; docking; organometallic,200
AutoDock4Zn,docking,Docking & virtual screening,"Zinc force field for AutoDock4 adding directional pseudo-atoms around the ion, so tetrahedral coordination is rewarded geometrically rather than as undirected electrostatics.",https://autodock.scripps.edu/resources/autodock-zn/,,open-source,metals; zinc; docking; scoring,200
gnina,docking,Docking & virtual screening,"Fork of smina with convolutional neural network scoring and rescoring, run alongside the empirical score rather than instead of it.",https://github.com/gnina/gnina,gnina/gnina,open-source,docking; cnn-scoring,200
GaudiMM,docking,Docking & virtual screening,"Multi-objective genetic algorithm that optimises binding, geometry and any other objective you define at once, instead of collapsing them into one score. Handles metal coordination and flexible systems that fixed-receptor docking cannot express.",https://gaudi.readthedocs.io,insilichem/gaudi,open-source,metals; optimisation; molecular-design,200
GROMACS,md,Molecular dynamics & free energy,"The most widely used open MD engine; fast on CPU and GPU, with a complete analysis toolchain.",https://www.gromacs.org,,open-source,md-engine,200
AMBER / AmberTools,md,Molecular dynamics & free energy,"Amber force fields and simulation stack; AmberTools is free, pmemd.CUDA is licensed.",https://ambermd.org,,academic,md-engine; force-field,200
NAMD,md,Molecular dynamics & free energy,"Scalable MD for very large systems on HPC, paired with VMD for setup and analysis.",https://www.ks.uiuc.edu/Research/namd/,,academic,md-engine; hpc,200
CHARMM-GUI,md,Molecular dynamics & free energy,"Web system builder that sets up membranes, glycans, ligands and solvated systems for every major MD engine.",https://www.charmm-gui.org,,free-web,system-preparation; membrane,200
MDAnalysis,md,Molecular dynamics & free energy,Python library for reading and analysing trajectories from essentially every MD format.,https://www.mdanalysis.org,mdanalysis/mdanalysis,open-source,analysis; trajectories,200
MDTraj,md,Molecular dynamics & free energy,Fast trajectory IO and geometric analysis with a lightweight NumPy-native API.,https://www.mdtraj.org,mdtraj/mdtraj,open-source,analysis; trajectories,200
PLUMED,md,Molecular dynamics & free energy,"Plugin for enhanced sampling and free-energy methods (metadynamics, umbrella sampling) across MD engines.",https://www.plumed.org,plumed/plumed2,open-source,enhanced-sampling; free-energy,200
OpenFF Toolkit,md,Molecular dynamics & free energy,Open Force Field small-molecule parameterisation with direct OpenMM/GROMACS export.,https://github.com/openforcefield/openff-toolkit,openforcefield/openff-toolkit,open-source,force-field; parameterisation,200
ACPYPE,md,Molecular dynamics & free energy,"Converts Antechamber/GAFF ligand parameters into GROMACS, CHARMM and other topologies.",https://github.com/alanwilter/acpype,alanwilter/acpype,open-source,parameterisation,200
ParmEd,md,Molecular dynamics & free energy,"Reads, edits and converts parameter/topology files between AMBER, CHARMM, GROMACS and OpenMM.",https://github.com/ParmEd/ParmEd,parmed/parmed,open-source,topology; conversion,200
gmx_MMPBSA,md,Molecular dynamics & free energy,"MM-PBSA/MM-GBSA end-state binding free energies from GROMACS trajectories, with per-residue decomposition.",https://github.com/Valdes-Tresanco-MS/gmx_MMPBSA,valdes-tresanco-ms/gmx_mmpbsa,open-source,free-energy; mmpbsa,200
OpenFE,md,Molecular dynamics & free energy,Open Free Energy: production relative and absolute binding free-energy campaigns with reproducible protocols.,https://github.com/OpenFreeEnergy/openfe,openfreeenergy/openfe,open-source,free-energy; fep,200
BioSimSpace,md,Molecular dynamics & free energy,Interoperable layer for building and running MD and alchemical free-energy workflows across engines.,https://github.com/OpenBioSim/biosimspace,openbiosim/biosimspace,open-source,free-energy; workflow,200
alchemlyb,md,Molecular dynamics & free energy,"Standard estimators (MBAR, BAR, TI) and convergence diagnostics for alchemical free-energy data.",https://github.com/alchemistry/alchemlyb,alchemistry/alchemlyb,open-source,free-energy; analysis,200
FEP+ (Schrödinger),md,Molecular dynamics & free energy,"Commercial relative binding free-energy platform, the industry reference for lead-optimisation potency prediction.",https://www.schrodinger.com/platform/products/fep/,,commercial,free-energy; fep,200
MACE / MACE-OFF,md,Molecular dynamics & free energy,"Equivariant machine-learned interatomic potentials, including transferable organic force fields for biomolecular systems.",https://github.com/ACEsuit/mace,acesuit/mace,open-source,mlip; force-field,200
TorchANI,md,Molecular dynamics & free energy,PyTorch implementation of the ANI neural network potentials for organic molecules.,https://github.com/aiqm/torchani,aiqm/torchani,open-source,mlip,200
Espaloma,md,Molecular dynamics & free energy,"Graph-neural-network force-field parameter assignment, replacing atom typing with learned chemistry.",https://github.com/choderalab/espaloma,choderalab/espaloma,open-source,force-field; ml,200
OpenMM-ML,md,Molecular dynamics & free energy,Mixed ML/MM simulation in OpenMM: treat the ligand with a neural potential and the rest classically.,https://github.com/openmm/openmm-ml,openmm/openmm-ml,open-source,mlip; qm-mm,200
Martini,md,Molecular dynamics & free energy,"Coarse-grained force field for large-scale membrane, protein and lipid-nanoparticle simulation.",https://cgmartini.nl,,open-source,coarse-grained; membrane,200
GaMD,md,Molecular dynamics & free energy,"Gaussian accelerated MD: adds a harmonic boost potential to flatten energy barriers, reaching microsecond-scale conformational transitions without a predefined reaction coordinate. Implemented in AMBER, NAMD and OpenMM.",http://miaolab.org/GaMD/,,academic,enhanced-sampling; accelerated-md; conformational-sampling,200
gamd-openmm,md,Molecular dynamics & free energy,The OpenMM implementation of GaMD — the easiest route to accelerated sampling on a GPU without leaving Python.,https://github.com/MiaoLab20/gamd-openmm,miaolab20/gamd-openmm,open-source,enhanced-sampling; accelerated-md; openmm,200
WESTPA,md,Molecular dynamics & free energy,"Weighted ensemble sampling: runs many short trajectories with statistical reweighting to reach rare events and extract rate constants, rather than waiting for one long trajectory to cross the barrier.",https://github.com/westpa/westpa,westpa/westpa,open-source,enhanced-sampling; rare-events; kinetics,200
SuMD,md,Molecular dynamics & free energy,"Supervised MD: biases nothing but discards trajectories heading the wrong way, so ligand binding and unbinding pathways emerge in accessible wall-clock time.",https://github.com/molecularmodelingsection/SuMD,molecularmodelingsection/sumd,open-source,enhanced-sampling; binding-pathway,200
OpenPathSampling,md,Molecular dynamics & free energy,"Transition path sampling and interface sampling for rare events where you care about the mechanism and rate, not just the endpoints.",https://github.com/openpathsampling/openpathsampling,openpathsampling/openpathsampling,open-source,enhanced-sampling; rare-events; mechanism,200
openmmtools,md,Molecular dynamics & free energy,"Replica exchange, alchemical factories and well-tested integrators for OpenMM — the standard way to run REST2/parallel tempering in Python.",https://github.com/choderalab/openmmtools,choderalab/openmmtools,open-source,enhanced-sampling; replica-exchange; openmm,200
mdpocket,binding-site,Binding site detection,The fpocket companion that tracks pocket volume and persistence across an MD trajectory — how you find a cryptic pocket that only opens some of the time.,https://github.com/Discngine/fpocket,discngine/fpocket,open-source,cryptic-pocket; pocket-dynamics; md-analysis,200
PocketMiner,binding-site,Binding site detection,"Predicts where cryptic pockets are likely to open from a single structure, so you know whether long sampling is worth running at all.",https://pocketminer.azurewebsites.net,mickdub/gvp,open-source,cryptic-pocket; machine-learning,200
deeptime,md,Molecular dynamics & free energy,"Markov state models, TICA/VAMP and kinetic analysis of long or many-replica trajectories.",https://github.com/deeptime-ml/deeptime,deeptime-ml/deeptime,open-source,msm; kinetics,200
MCPB.py,md,Molecular dynamics & free energy,"AmberTools' metal centre parameter builder: derives bonded-model force field parameters for a metal site from QM, the standard route to simulating a metalloprotein without the ion drifting out.",https://ambermd.org/tutorials/advanced/tutorial20/,,academic,metals; force-field; parameterisation,200
easyPARM,md,Molecular dynamics & free energy,"Automates force field parameter derivation for metal complexes and organometallics from a QM optimisation, producing ready-to-run Amber, GROMACS, CHARMM and OpenMM inputs.",https://github.com/Abdelazim-Abdelgawwad/easyPARM,abdelazim-abdelgawwad/easyparm,open-source,metals; force-field; parameterisation,200
GPathFinder,md,Molecular dynamics & free energy,"Finds the route a ligand takes in and out of a buried site by multi-objective search over GaudiMM, giving binding pathways and intermediate poses rather than only the bound state.",https://gpathfinder.readthedocs.io/en/latest/,insilichem/gpathfinder,open-source,binding-pathway; optimisation,200
OMMProtocol,md,Molecular dynamics & free energy,"Runs a complete OpenMM pipeline, from minimisation through equilibration to production, from one YAML file, with checkpointing and standard reporters.",https://ommprotocol.readthedocs.io,insilichem/ommprotocol,open-source,md-engine; workflow,200
Psi4,qm,Quantum chemistry,"Open-source quantum chemistry (DFT, MP2, CC) with a Python API suited to automated workflows.",https://psicode.org,psi4/psi4,open-source,dft; ab-initio,200
PySCF,qm,Quantum chemistry,"Python-native electronic structure library, easy to embed in ML and screening pipelines.",https://pyscf.org,pyscf/pyscf,open-source,dft; python,error: URLError
ORCA,qm,Quantum chemistry,"Broad-capability QM package, free for academic use; common for spectroscopy and mechanism work.",https://orcaforum.kofo.mpg.de,,academic,dft; ab-initio,200
xtb,qm,Quantum chemistry,"Semiempirical GFNn-xTB methods: geometry, frequencies and energies fast enough for thousands of molecules.",https://github.com/grimme-lab/xtb,grimme-lab/xtb,open-source,semiempirical; conformers,200
CREST,qm,Quantum chemistry,Conformer-rotamer ensemble sampling on top of xtb; the standard cheap conformational search.,https://github.com/crest-lab/crest,crest-lab/crest,open-source,conformers,200
NWChem,qm,Quantum chemistry,Scalable HPC quantum chemistry for large systems and plane-wave/molecular hybrids.,https://github.com/nwchemgit/nwchem,nwchemgit/nwchem,open-source,hpc; ab-initio,200
autodE,qm,Quantum chemistry,"Automated reaction-profile generation: conformers, transition states and barriers with minimal manual setup.",https://github.com/duartegroup/autodE,duartegroup/autode,open-source,reaction-mechanism; transition-state,200
Garleek,qm,Quantum chemistry,"Bridges Gaussian's ONIOM to molecular mechanics backends such as Tinker and OpenMM, so a QM/MM job can put a metal centre in the QM layer and the rest of the protein in MM.",https://garleek.readthedocs.io,insilichem/garleek,open-source,metals; qm-mm; oniom,200
ESIgen,qm,Quantum chemistry,"Turns raw quantum chemistry output into a formatted supporting information document: geometries, energies, frequencies and images, from a template.",https://github.com/insilichem/esigen,insilichem/esigen,open-source,reporting; supporting-information,200
pysisyphus,qm,Quantum chemistry,"Optimises stationary points on reaction paths: chain-of-states methods, transition state searches and intrinsic reaction coordinates, driving whichever QM engine you have.",https://github.com/eljost/pysisyphus,eljost/pysisyphus,open-source,reaction-path; transition-state,200
Multiwfn,qm,Quantum chemistry,"Wavefunction analysis: bond orders, charges, orbital composition, electron density topology and non-covalent interaction plots from the output of most QM programs.",http://sobereva.com/multiwfn/,,academic,wavefunction-analysis; bonding,200
MOSES,generative,Generative design,Benchmarking platform for molecular generative models with standard splits and distribution metrics.,https://github.com/molecularsets/moses,molecularsets/moses,open-source,benchmark; generative,200
GuacaMol,generative,Generative design,"Goal-directed and distribution-learning benchmarks for de novo design, still the common comparison point.",https://github.com/BenevolentAI/guacamol,benevolentai/guacamol,open-source,benchmark; generative,200
SAFE,generative,Generative design,Sequential attachment-based fragment embedding: a SMILES rewrite that makes scaffold-constrained generation natural.,https://github.com/datamol-io/safe,datamol-io/safe,open-source,representation; generative,200
Pocket2Mol,generative,Generative design,Equivariant generation of 3D molecules conditioned directly on a binding pocket.,https://github.com/pengxingang/Pocket2Mol,pengxingang/pocket2mol,open-source,sbdd; 3d-generation,200
DiffLinker,generative,Generative design,Equivariant diffusion for linker design in fragment linking and PROTAC-style problems.,https://github.com/igashov/DiffLinker,igashov/difflinker,open-source,linker-design; fragments,200
LigandMPNN,generative,Generative design,"Sequence design conditioned on ligands, nucleotides and cofactors; the successor to ProteinMPNN for binding sites.",https://github.com/dauparas/LigandMPNN,dauparas/ligandmpnn,open-source,protein-design; sequence-design,200
scikit-mol,qsar-ml,QSAR / property-prediction ML,"RDKit featurisation wrapped as scikit-learn transformers, so fingerprints and descriptors live inside a Pipeline and cannot leak across a split.",https://github.com/EBjerrum/scikit-mol,ebjerrum/scikit-mol,open-source,featurisation; sklearn,200
DeepChem,qsar-ml,QSAR / property-prediction ML,"Long-running deep learning library for chemistry and biology: featurisers, splitters, model zoo and the MoleculeNet task collection.",https://github.com/deepchem/deepchem,deepchem/deepchem,open-source,deep-learning; library,200
QSARtuna,qsar-ml,QSAR / property-prediction ML,"AstraZeneca's automated QSAR model building: preprocessing, algorithm and hyperparameter search, uncertainty.",https://github.com/MolecularAI/QSARtuna,molecularai/qsartuna,open-source,qsar; automl,200
Uni-Mol,qsar-ml,QSAR / property-prediction ML,3D-aware molecular representation model used as a pretrained backbone for property and binding tasks.,https://github.com/deepmodeling/Uni-Mol,deepmodeling/uni-mol,open-source,pretrained; 3d,200
MolSkill,qsar-ml,QSAR / property-prediction ML,Learns medicinal chemists' implicit preferences from pairwise choices to score compound attractiveness.,https://github.com/microsoft/molskill,microsoft/molskill,open-source,scoring; med-chem,200
PyTorch Geometric,qsar-ml,QSAR / property-prediction ML,"The standard GNN library for molecular graphs: message passing, pooling, batching over molecules.",https://github.com/pyg-team/pytorch_geometric,pyg-team/pytorch_geometric,open-source,gnn; library,200
DGL-LifeSci,qsar-ml,QSAR / property-prediction ML,"Ready-made GNN models and datasets for property prediction, reaction prediction and generation.",https://github.com/awslabs/dgl-lifesci,awslabs/dgl-lifesci,open-source,gnn; models,200
Optuna,qsar-ml,QSAR / property-prediction ML,Hyperparameter optimisation with pruning; the usual companion to model selection in QSAR pipelines.,https://github.com/optuna/optuna,optuna/optuna,open-source,hpo,200
scikit-learn,qsar-ml,QSAR / property-prediction ML,"The classical ML baseline stack (RF, SVM, calibration, CV) that every QSAR study is measured against.",https://scikit-learn.org,scikit-learn/scikit-learn,open-source,ml; baseline,200
XGBoost,qsar-ml,QSAR / property-prediction ML,Gradient boosting that remains highly competitive on descriptor/fingerprint tabular chemistry data.,https://github.com/dmlc/xgboost,dmlc/xgboost,open-source,ml; boosting,200
KNIME,qsar-ml,QSAR / property-prediction ML,"Visual workflow platform with mature chemistry nodes (RDKit, Schrödinger, Vernalis) for no-code pipelines.",https://www.knime.com,,open-source,workflow; no-code,200
CheMeleon,qsar-ml,QSAR / property-prediction ML,"Foundation model pretrained to reproduce Mordred descriptors, then fine-tuned through Chemprop with --from-foundation CheMeleon; beats descriptor and GNN baselines on small property datasets.",https://github.com/JacksonBurns/chemeleon,jacksonburns/chemeleon,open-source,pretrained; property-prediction; chemprop,200
Mol-JEPA,qsar-ml,QSAR / property-prediction ML,"Boehringer Ingelheim's multimodal joint-embedding model, fusing cellular effects, binding affinity, ADMET and quantum chemistry into one molecular representation. Code is unlicensed; the weights are CC BY-NC 4.0.",https://github.com/Boehringer-Ingelheim/mol-jepa,boehringer-ingelheim/mol-jepa,academic,pretrained; multimodal; embeddings,200
ADMETlab 3.0,admet,"ADMET, PK & toxicity",Web predictor covering 88 ADMET endpoints with uncertainty estimates and batch submission.,https://admetlab3.scbdd.com,,free-web,admet; web,200
SwissADME,admet,"ADMET, PK & toxicity","Fast physicochemical, pharmacokinetic and drug-likeness profiling including the BOILED-Egg permeability model.",http://www.swissadme.ch,,free-web,admet; drug-likeness,200
pkCSM,admet,"ADMET, PK & toxicity","Graph-signature-based ADMET prediction across absorption, distribution, metabolism, excretion and toxicity endpoints.",https://biosig.lab.uq.edu.au/pkcsm/,,free-web,admet,200
ProTox 3.0,admet,"ADMET, PK & toxicity","Toxicity endpoint prediction (organ toxicity, endpoints, pathways, LD50) with similarity and fragment evidence.",https://tox.charite.de/protox3/,,free-web,toxicity,200
vNN-ADMET,admet,"ADMET, PK & toxicity","Variable-nearest-neighbour ADMET models with explicit applicability domain, including DILI and CYP endpoints.",https://vnnadmet.bhsai.org,,free-web,admet; applicability-domain,200
OPERA,admet,"ADMET, PK & toxicity","Free, regulatory-grade QSAR models for physchem and ADMET endpoints with applicability domain and AD-based confidence; used by EPA/NIH.",https://github.com/kmansouri/OPERA,kmansouri/opera,open-source,admet; regulatory; qsar,200
Open Systems Pharmacology (PK-Sim/MoBi),admet,"ADMET, PK & toxicity",Open-source PBPK and QSP modelling suite; the free alternative to commercial PBPK platforms.,https://github.com/Open-Systems-Pharmacology/Suite,open-systems-pharmacology/suite,open-source,pbpk; qsp,200
Simcyp (Certara),admet,"ADMET, PK & toxicity",Commercial PBPK simulator used in regulatory submissions for DDI and special-population predictions.,https://www.certara.com/software/simcyp-pbpk/,,commercial,pbpk; regulatory,200
GastroPlus,admet,"ADMET, PK & toxicity","Commercial PBPK/absorption simulation, standard for formulation and oral bioavailability modelling.",https://www.simulations-plus.com/software/gastroplus/,,commercial,pbpk; absorption,200
ASKCOS,synthesis,Retrosynthesis & synthetic accessibility,"MIT's open retrosynthesis, forward prediction and condition recommendation platform.",https://askcos.mit.edu,askcos/askcos-core,open-source,retrosynthesis; planning,200
Syntheseus,synthesis,Retrosynthesis & synthetic accessibility,"Benchmarking and inference framework that puts retrosynthesis models on a common, fairly evaluated footing.",https://github.com/microsoft/syntheseus,microsoft/syntheseus,open-source,retrosynthesis; benchmark,200
IBM RXN for Chemistry,synthesis,Retrosynthesis & synthetic accessibility,"Transformer-based forward prediction, retrosynthesis and procedure generation as a free web service.",https://rxn.res.ibm.com,,free-web,retrosynthesis; web,200
rdchiral,synthesis,Retrosynthesis & synthetic accessibility,Correct chirality handling when applying retrosynthetic reaction templates in RDKit.,https://github.com/connorcoley/rdchiral,connorcoley/rdchiral,open-source,templates; chirality,200
SCScore,synthesis,Retrosynthesis & synthetic accessibility,"Synthetic complexity score learned from reaction corpora, complementing the classic SA score.",https://github.com/connorcoley/scscore,connorcoley/scscore,open-source,synthetic-accessibility,200
RAscore,synthesis,Retrosynthesis & synthetic accessibility,"Predicts whether a retrosynthesis planner would find a route, as a fast synthesisability filter.",https://github.com/reymond-group/RAscore,reymond-group/rascore,open-source,synthetic-accessibility,200
PyRosetta,biologics,Antibodies & protein engineering,"Python interface to Rosetta for design, docking, loop modelling and energy calculations; free academic licence.",https://www.pyrosetta.org,,academic,protein-design; rosetta,200
RosettaCommons,biologics,Antibodies & protein engineering,"The Rosetta software suite for macromolecular modelling and design, and its licensing/community hub.",https://rosettacommons.org,,academic,protein-design,200
ANARCI,biologics,Antibodies & protein engineering,"Antibody numbering and germline assignment (IMGT, Kabat, Chothia); the preprocessing step for antibody ML.",https://github.com/oxpig/ANARCI,oxpig/anarci,open-source,antibody; numbering,200
ImmuneBuilder,biologics,Antibodies & protein engineering,"Fast antibody, nanobody and TCR structure prediction with accuracy competitive on CDR loops.",https://github.com/oxpig/ImmuneBuilder,oxpig/immunebuilder,open-source,antibody; structure-prediction,200
AbLang2,biologics,Antibodies & protein engineering,Antibody language model for restoring missing residues and generating germline-plausible sequences.,https://github.com/oxpig/AbLang2,oxpig/ablang2,open-source,antibody; language-model,200
SAbDab / SAbPred,biologics,Antibodies & protein engineering,"Curated structural antibody database plus the OPIG prediction suite (paratope, epitope, developability, TAP).",https://opig.stats.ox.ac.uk/webapps/sabdab-sabpred/sabdab/,,free-web,antibody; database,200
Observed Antibody Space (OAS),biologics,Antibodies & protein engineering,"Billions of cleaned, numbered antibody repertoire sequences; the pretraining corpus for antibody models.",https://opig.stats.ox.ac.uk/webapps/oas/,,free-web,antibody; repertoire,200
IgBLAST,biologics,Antibodies & protein engineering,NCBI's immunoglobulin/TCR V(D)J assignment tool for repertoire sequencing.,https://ncbi.github.io/igblast/,,open-source,antibody; repertoire,200
FoldX,biologics,Antibodies & protein engineering,Empirical force field for fast stability and binding ddG on point mutations; free academic licence.,https://foldxsuite.crg.eu,,academic,stability; mutation,200
ESM,biologics,Antibodies & protein engineering,"Evolutionary-scale protein language models, used for embeddings, variant effect scores and as the front end of structure prediction without an MSA.",https://github.com/facebookresearch/esm,facebookresearch/esm,open-source,protein-language-model; variant-effect,200
ThermoMPNN,biologics,Antibodies & protein engineering,"Graph network predicting the change in folding stability for every point mutation in a structure, fast enough to scan a whole protein.",https://github.com/Kuhlman-Lab/ThermoMPNN,kuhlman-lab/thermompnn,open-source,stability; ddg; protein-engineering,200
Therapeutics Data Commons,benchmarks,Benchmarks & reference datasets,"66+ AI-ready therapeutic datasets with fixed splits and leaderboards, spanning ADMET to biologics.",https://tdcommons.ai,mims-harvard/tdc,open-source,benchmark; datasets,200
MoleculeNet,benchmarks,Benchmarks & reference datasets,"The original standard property-prediction benchmark suite (ESOL, FreeSolv, BACE, Tox21, …).",https://moleculenet.org,,open-source,benchmark,200
DUD-E,benchmarks,Benchmarks & reference datasets,"Directory of useful decoys, enhanced: actives with property-matched decoys for virtual-screening evaluation.",https://dude.docking.org,,free-web,benchmark; virtual-screening,200
LIT-PCBA,benchmarks,Benchmarks & reference datasets,"Unbiased virtual screening benchmark built from dose-response PubChem assays, designed to avoid DUD-E's biases.",https://drugdesign.unistra.fr/LIT-PCBA/,,free-web,benchmark; virtual-screening,200
PoseCheck,benchmarks,Benchmarks & reference datasets,"Physical-plausibility checks (strain energy, steric clashes, interactions) for structure-based generative models.",https://github.com/cch1999/posecheck,cch1999/posecheck,open-source,benchmark; sbdd,200
Polaris,benchmarks,Benchmarks & reference datasets,"Community platform for rigorous, versioned benchmarks in drug-discovery ML with leak-resistant splits.",https://polarishub.io,polaris-hub/polaris,open-source,benchmark; evaluation,200
ClinicalTrials.gov,clinical,"Clinical, regulatory & literature data",Registry of 500k+ trials with a modern API; the source for competitive and trial-design landscaping.,https://clinicaltrials.gov,,free-web,trials; api,200
openFDA,clinical,"Clinical, regulatory & literature data","APIs over FDA drug labels, adverse events (FAERS), recalls and device data.",https://open.fda.gov,,free-web,regulatory; api,200
Drugs@FDA,clinical,"Clinical, regulatory & literature data","Approval history, review documents and labels for FDA-approved drugs.",https://www.accessdata.fda.gov/scripts/cder/daf/,,free-web,regulatory; approvals,200
EMA Medicines,clinical,"Clinical, regulatory & literature data",European public assessment reports and product information for centrally authorised medicines.,https://www.ema.europa.eu/en/medicines,,free-web,regulatory; europe,200
DailyMed,clinical,"Clinical, regulatory & literature data","Current FDA structured product labels (SPL), machine-readable and updated daily.",https://dailymed.nlm.nih.gov/dailymed/,,free-web,labels,200
SIDER,clinical,"Clinical, regulatory & literature data",Side-effect resource linking marketed drugs to label-extracted adverse reactions and frequencies.,http://sideeffects.embl.de,,free-web,adverse-events,200
Europe PMC,clinical,"Clinical, regulatory & literature data",Full-text life-science literature with annotations and a solid API for text mining.,https://europepmc.org,,free-web,literature; api,200
PubMed / NCBI E-utilities,clinical,"Clinical, regulatory & literature data",Biomedical citation index and the E-utilities API behind most literature pipelines.,https://pubmed.ncbi.nlm.nih.gov,,free-web,literature; api,200
Google Patents,clinical,"Clinical, regulatory & literature data",Full-text patent search across the major offices with chemical structure indexing; the practical first look at whether a scaffold is already claimed.,https://patents.google.com,,free-web,patents; freedom-to-operate,200
Espacenet,clinical,"Clinical, regulatory & literature data","The European Patent Office's search over 140 million patent documents, with family and legal-status data that the free aggregators do not carry.",https://worldwide.espacenet.com,,free-web,patents; freedom-to-operate,200
Nextflow,infra,Workflow & ML infrastructure,"Dataflow workflow engine with containerised, resumable execution across HPC and cloud; nf-core supplies vetted pipelines.",https://www.nextflow.io,nextflow-io/nextflow,open-source,workflow; reproducibility,200
Snakemake,infra,Workflow & ML infrastructure,"Python-based workflow manager with conda/container integration, common for bioinformatics pipelines.",https://snakemake.github.io,snakemake/snakemake,open-source,workflow,200
MLflow,infra,Workflow & ML infrastructure,"Experiment tracking, model registry and packaging; the usual answer to 'which model made this prediction'.",https://mlflow.org,mlflow/mlflow,open-source,tracking; mlops,200
DVC,infra,Workflow & ML infrastructure,"Git-style versioning for datasets and model artefacts, so screening data stays reproducible.",https://dvc.org,iterative/dvc,open-source,data-versioning,200
Ray,infra,Workflow & ML infrastructure,"Distributed execution for parallel docking, simulation sweeps and model training on one API.",https://www.ray.io,ray-project/ray,open-source,distributed,200
Dask,infra,Workflow & ML infrastructure,Parallel dataframes and task graphs for larger-than-memory chemical datasets.,https://www.dask.org,dask/dask,open-source,distributed; dataframes,200
PyTorch Lightning,infra,Workflow & ML infrastructure,Training-loop framework that standardises multi-GPU training and checkpointing for molecular models.,https://github.com/Lightning-AI/pytorch-lightning,lightning-ai/pytorch-lightning,open-source,training,200
Hugging Face Hub,infra,Workflow & ML infrastructure,Where most released protein and molecule model weights and datasets now live.,https://huggingface.co,,free-web,models; datasets,200
PyChimera,viz,Structure & molecule visualisation,"Use the UCSF Chimera Python API from an ordinary interpreter, so Chimera's structure handling can be scripted inside a normal pipeline instead of its own shell.",https://github.com/insilichem/pychimera,insilichem/pychimera,open-source,chimera; scripting,200
Tangram,viz,Structure & molecule visualisation,"A suite of UCSF Chimera extensions from the same group: QM and QM/MM setup, PLIP interaction depiction, PropKa states, normal modes, and dummy-atom preparation of metal systems for MD. Free for academic use.",https://github.com/insilichem/tangram,insilichem/tangram,academic,metals; chimera; modelling,200
PyMOL (open source),viz,Structure & molecule visualisation,The de facto structure viewer for figures and pose inspection; open-source build plus a commercial edition.,https://github.com/schrodinger/pymol-open-source,schrodinger/pymol-open-source,open-source,visualisation; structures,200
UCSF ChimeraX,viz,Structure & molecule visualisation,"Modern successor to Chimera: large structures, cryo-EM maps, AlphaFold integration and scripting.",https://www.cgl.ucsf.edu/chimerax/,,academic,visualisation; cryo-em,200
VMD,viz,Structure & molecule visualisation,"Trajectory visualisation and analysis for MD, with scripting and rendering for publication figures.",https://www.ks.uiuc.edu/Research/vmd/,,academic,visualisation; md,200
Mol*,viz,Structure & molecule visualisation,The web molecular viewer used by RCSB and PDBe; embeddable in any internal tool.,https://github.com/molstar/molstar,molstar/molstar,open-source,visualisation; web,200
NGL Viewer,viz,Structure & molecule visualisation,"Lightweight WebGL structure viewer, and the nglview Jupyter widget built on it.",https://github.com/nglviewer/ngl,nglviewer/ngl,open-source,visualisation; web,200
3Dmol.js,viz,Structure & molecule visualisation,"WebGL structure viewer, and through its py3Dmol binding the quickest way to eyeball docking poses inside a notebook.",https://github.com/3dmol/3Dmol.js,3dmol/3dmol.js,open-source,visualisation; notebook,200
